{
    "B2": {
        "data_type": {
            "type": "PixelType",
            "precision": "int",
            "min": 0,
            "max": 65535
        },
        "dimensions": [
            4270,
            3641
        ],
        "origin": [
            6710,
            5943
        ],
        "crs": "EPSG:32631",
        "crs_transform": [
            10,
            0,
            399960,
            0,
            -10,
            800040
        ]
    },
    "B3": {
        "data_type": {
            "type": "PixelType",
            "precision": "int",
            "min": 0,
            "max": 65535
        },
        "dimensions": [
            4270,
            3641
        ],
        "origin": [
            6710,
            5943
        ],
        "crs": "EPSG:32631",
        "crs_transform": [
            10,
            0,
            399960,
            0,
            -10,
            800040
        ]
    },
    "B4": {
        "data_type": {
            "type": "PixelType",
            "precision": "int",
            "min": 0,
            "max": 65535
        },
        "dimensions": [
            4270,
            3641
        ],
        "origin": [
            6710,
            5943
        ],
        "crs": "EPSG:32631",
        "crs_transform": [
            10,
            0,
            399960,
            0,
            -10,
            800040
        ]
    }
}